Workbook

Sheet Raw Data
A1: Complaint_ID | B1: Complaint Date | C1: Category | D1: Channel | E1: Priority | F1: Resolution_Time_Hours | G1: Repeat_Contact | H1: Resolution_Status | I1: Root_Cause
A2: C001 | B2: 46027 | C2: Delivery | D2: Email | E2: High | F2: 48 | G2: Yes | H2: Resolved | I2: Delivery Delay
A3: C002 | B3: 46029 | C3: Billing | D3: Phone | E3: Medium | F3: 24 | G3: No | H3: Resolved | I3: Incorrect Invoice
A4: C003 | B4: 46032 | C4: Product Quality | D4: Web | E4: High | F4: 72 | G4: Yes | H4: Resolved | I4: Product Defect
A5: C004 | B5: 46034 | C5: Delivery | D5: Chat | E5: Medium | F5: 36 | G5: No | H5: Resolved | I5: Delivery Delay
A6: C005 | B6: 46037 | C6: Refund | D6: Email | E6: High | F6: 60 | G6: Yes | H6: Resolved | I6: Refund Processing Delay
A7: C006 | B7: 46040 | C7: Account | D7: Phone | E7: Low | F7: 12 | G7: No | H7: Resolved | I7: Account Information Issue
A8: C007 | B8: 46042 | C8: Delivery | D8: Phone | E8: High | F8: 54 | G8: Yes | H8: Resolved | I8: Delivery Delay
A9: C008 | B9: 46045 | C9: Billing | D9: Email | E9: Medium | F9: 30 | G9: No | H9: Resolved | I9: Incorrect Invoice
A10: C009 | B10: 46048 | C10: Product Quality | D10: Web | E10: High | F10: 80 | G10: Yes | H10: Resolved | I10: Product Defect
A11: C010 | B11: 46051 | C11: Refund | D11: Chat | E11: Medium | F11: 42 | G11: No | H11: Resolved | I11: Refund Processing Delay
A12: C011 | B12: 46055 | C12: Delivery | D12: Email | E12: High | F12: 52 | G12: Yes | H12: Resolved | I12: Delivery Delay
A13: C012 | B13: 46057 | C13: Billing | D13: Phone | E13: Medium | F13: 26 | G13: No | H13: Resolved | I13: Incorrect Invoice
... A51: C050 | B51: 46171 | C51: Refund | D51: Phone | E51: High | F51: 63 | G51: Yes | H51: Resolved | I51: Refund Processing Delay

Sheet Calculations
A1: KPI | B1: Value | D1: Category | E1: Complaint Count | G1: Channel | H1: Complaint Count | J1: Priority | K1: Average Resolution Time | M1: Resolved Rate | N1: Value | P1: Monthly Complaint Trend | S1: Root Cause Analysis
A2: Total Complaints | B2: =COUNTA('Raw Data'!A2:A51) -> 50 | D2: Delivery | E2: =COUNTIF('Raw Data'!$C$2:$C$51,D2) -> 15 | G2: Email | H2: =COUNTIF('Raw Data'!$D$2:$D$51,G2) -> 15 | J2: High | K2: =AVERAGEIF('Raw Data'!$E$2:$E$51,J2,'Raw Data'!$F$2:$F$51) -> 64.115385 | M2: Resolved Complaints Rate | N2: =COUNTIF('Raw Data'!$H$2:$H$51,"Resolved")/COUNTA('Raw Data'!$A$2:$A$51) -> 1 | P2: Month | Q2: Complaint Count | S2: Root Cause | T2: Complaint Count
A3: Average Resolution Time (Hours) | B3: =AVERAGE('Raw Data'!F2:F51) -> 46.4 | D3: Billing | E3: =COUNTIF('Raw Data'!$C$2:$C$51,D3) -> 10 | G3: Phone | H3: =COUNTIF('Raw Data'!$D$2:$D$51,G3) -> 15 | J3: Medium | K3: =AVERAGEIF('Raw Data'!$E$2:$E$51,J3,'Raw Data'!$F$2:$F$51) -> 32.055556 | P3: 46023 | Q3: =COUNTIFS('Raw Data'!$B$2:$B$51,">="&DATE(2026,1,1),'Raw Data'!$B$2:$B$51,"<"&DATE(2026,2,1)) -> 10 | S3: Delivery Delay | T3: =COUNTIF('Raw Data'!$I$2:$I$51,S3) -> 15
A4: High-Priority Complaints | B4: =COUNTIF('Raw Data'!E2:E51,"High") -> 26 | D4: Product Quality | E4: =COUNTIF('Raw Data'!$C$2:$C$51,D4) -> 10 | G4: Web | H4: =COUNTIF('Raw Data'!$D$2:$D$51,G4) -> 10 | J4: Low | K4: =AVERAGEIF('Raw Data'!$E$2:$E$51,J4,'Raw Data'!$F$2:$F$51) -> 12.666667 | P4: 46054 | Q4: =COUNTIFS('Raw Data'!$B$2:$B$51,">="&DATE(2026,2,1),'Raw Data'!$B$2:$B$51,"<"&DATE(2026,3,1)) -> 10 | S4: Incorrect Invoice | T4: =COUNTIF('Raw Data'!$I$2:$I$51,S4) -> 10
A5: Repeat Contact Rate | B5: =COUNTIF('Raw Data'!G2:G51,"Yes")/COUNTA('Raw Data'!A2:A51) -> 0.52 | D5: Refund | E5: =COUNTIF('Raw Data'!$C$2:$C$51,D5) -> 9 | G5: Chat | H5: =COUNTIF('Raw Data'!$D$2:$D$51,G5) -> 10 | P5: 46082 | Q5: =COUNTIFS('Raw Data'!$B$2:$B$51,">="&DATE(2026,3,1),'Raw Data'!$B$2:$B$51,"<"&DATE(2026,4,1)) -> 10 | S5: Product Defect | T5: =COUNTIF('Raw Data'!$I$2:$I$51,S5) -> 10
A6: Resolved Complaints | B6: =COUNTIF('Raw Data'!H2:H51,"Resolved") -> 50 | D6: Account | E6: =COUNTIF('Raw Data'!$C$2:$C$51,D6) -> 6 | P6: 46113 | Q6: =COUNTIFS('Raw Data'!$B$2:$B$51,">="&DATE(2026,4,1),'Raw Data'!$B$2:$B$51,"<"&DATE(2026,5,1)) -> 10 | S6: Refund Processing Delay | T6: =COUNTIF('Raw Data'!$I$2:$I$51,S6) -> 9
P7: 46143 | Q7: =COUNTIFS('Raw Data'!$B$2:$B$51,">="&DATE(2026,5,1),'Raw Data'!$B$2:$B$51,"<"&DATE(2026,6,1)) -> 10 | S7: Account Information Issue | T7: =COUNTIF('Raw Data'!$I$2:$I$51,S7) -> 6

Sheet Dashboard
B2: Customer Complaint Analysis Dashboard
B4: Total Complaints | D4: Average Resolution Time | F4: High-Priority Complaints | H4: Repeat Contact Rate | J4: Resolved Complaints
B5: =Calculations!B2 -> 50 | D5: =Calculations!B3 -> 46.4 | F5: =Calculations!B4 -> 26 | H5: =Calculations!B5 -> 0.52 | J5: =Calculations!B6 -> 50
